start_line,start_line_number
mapping(address => uint) public lockTime_intou13;,140
function bug_intou31() public{,135
function bug_intou27() public{,130
mapping(address => uint) public lockTime_intou33;,255
function bug_intou40(uint8 p_intou40) public{,247
function bug_intou35() public{,239
function bug_intou36(uint8 p_intou36) public{,231
function bug_intou39() public{,219
function bug_intou8(uint8 p_intou8) public{,202
mapping(address => uint) balances_intou30;,167
mapping(address => uint) balances_intou14;,22
function bug_intou23() public{,17
function bug_intou7() public{,9
function bug_intou4(uint8 p_intou4) public{,110
mapping(address => uint) balances_intou38;,101
function bug_intou32(uint8 p_intou32) public{,96
function bug_intou20(uint8 p_intou20) public{,91
mapping(address => uint) balances_intou26;,82
function bug_intou19() public{,77
