loc,length,bug type,approach
292,10,Overflow-Underflow,code snippet injection
275,4,Overflow-Underflow,code snippet injection
267,4,Overflow-Underflow,code snippet injection
253,10,Overflow-Underflow,code snippet injection
245,4,Overflow-Underflow,code snippet injection
221,4,Overflow-Underflow,code snippet injection
209,4,Overflow-Underflow,code snippet injection
197,4,Overflow-Underflow,code snippet injection
184,4,Overflow-Underflow,code snippet injection
169,8,Overflow-Underflow,code snippet injection
157,8,Overflow-Underflow,code snippet injection
149,4,Overflow-Underflow,code snippet injection
140,4,Overflow-Underflow,code snippet injection
130,4,Overflow-Underflow,code snippet injection
117,8,Overflow-Underflow,code snippet injection
109,4,Overflow-Underflow,code snippet injection
282,4,Overflow-Underflow,code snippet injection
230,8,Overflow-Underflow,code snippet injection
99,4,Overflow-Underflow,code snippet injection
88,10,Overflow-Underflow,code snippet injection
74,10,Overflow-Underflow,code snippet injection
69,4,Overflow-Underflow,code snippet injection
